0,93.20824432373047,-83.759056,-84.45749,-83.554596,-84.22543,-84.186386,-84.95244
1,94.32579803466797,-110.873,-111.54783,-111.080154,-112.01369,-111.399376,-111.69496
2,99.81413269042969,-124.292496,-124.0926,-123.65213,-124.5747,-124.239174,-124.388916
3,95.20590209960938,-105.503784,-105.73916,-105.30805,-106.07724,-105.95583,-106.22782
4,95.00501251220703,-102.9504,-103.57689,-102.15029,-103.43644,-103.086,-104.098434
5,93.37171173095703,-111.04939,-111.670975,-111.28457,-112.179344,-111.6235,-111.90618
6,99.81413269042969,-124.292496,-124.0926,-123.65213,-124.5747,-124.239174,-124.388916
7,95.20590209960938,-105.503784,-105.73916,-105.30805,-106.07724,-105.95583,-106.22782
8,95.00501251220703,-102.9504,-103.57689,-102.15029,-103.43644,-103.086,-104.098434
9,93.37171173095703,-111.04939,-111.670975,-111.28457,-112.179344,-111.6235,-111.90618
10,99.81413269042969,-124.292496,-124.0926,-123.65213,-124.5747,-124.239174,-124.388916
11,95.20590209960938,-105.503784,-105.73916,-105.30805,-106.07724,-105.95583,-106.22782
12,95.00501251220703,-102.9504,-103.57689,-102.15029,-103.43644,-103.086,-104.098434
13,93.37171173095703,-111.04939,-111.670975,-111.28457,-112.179344,-111.6235,-111.90618
14,99.81413269042969,-124.292496,-124.0926,-123.65213,-124.5747,-124.239174,-124.388916
15,95.20590209960938,-105.503784,-105.73916,-105.30805,-106.07724,-105.95583,-106.22782
16,95.00501251220703,-102.9504,-103.57689,-102.15029,-103.43644,-103.086,-104.098434
17,93.37171173095703,-111.04939,-111.670975,-111.28457,-112.179344,-111.6235,-111.90618
18,99.81413269042969,-124.292496,-124.0926,-123.65213,-124.5747,-124.239174,-124.388916
19,95.20590209960938,-105.503784,-105.73916,-105.30805,-106.07724,-105.95583,-106.22782
20,95.00501251220703,-102.9504,-103.57689,-102.15029,-103.43644,-103.086,-104.098434
21,93.37171173095703,-111.04939,-111.670975,-111.28457,-112.179344,-111.6235,-111.90618
22,99.81413269042969,-124.292496,-124.0926,-123.65213,-124.5747,-124.239174,-124.388916
23,95.20590209960938,-105.503784,-105.73916,-105.30805,-106.07724,-105.95583,-106.22782
24,95.00501251220703,-102.9504,-103.57689,-102.15029,-103.43644,-103.086,-104.098434
25,93.37171173095703,-111.04939,-111.670975,-111.28457,-112.179344,-111.6235,-111.90618
26,99.81413269042969,-124.292496,-124.0926,-123.65213,-124.5747,-124.239174,-124.388916
27,95.20590209960938,-105.503784,-105.73916,-105.30805,-106.07724,-105.95583,-106.22782
28,95.00501251220703,-102.9504,-103.57689,-102.15029,-103.43644,-103.086,-104.098434
29,93.37171173095703,-111.04939,-111.670975,-111.28457,-112.179344,-111.6235,-111.90618
30,99.81413269042969,-124.292496,-124.0926,-123.65213,-124.5747,-124.239174,-124.388916
31,95.20590209960938,-105.503784,-105.73916,-105.30805,-106.07724,-105.95583,-106.22782
32,95.00501251220703,-102.9504,-103.57689,-102.15029,-103.43644,-103.086,-104.098434
33,110.24881744384766,-79.345695,-78.21177,-77.25332,-80.100945,-76.1926,-81.51167
34,116.7606430053711,-81.75926,-81.15458,-80.83936,-83.1753,-81.47869,-82.78515
35,121.7160415649414,-98.75893,-98.875755,-98.31195,-100.11572,-97.96153,-99.17897
36,119.82357025146484,-98.836334,-98.06404,-99.91047,-98.80339,-99.56154,-95.80686
37,122.85420227050781,-96.06101,-95.92767,-96.82127,-97.35276,-96.722305,-95.1122
38,124.1900863647461,-90.87248,-91.79909,-91.58081,-92.728905,-92.06728,-92.12179
39,122.62702178955078,-86.71697,-87.29617,-89.42358,-87.93022,-91.233765,-87.456955
40,115.77397918701172,-75.572136,-73.51241,-78.69087,-78.7739,-81.317665,-73.89469
41,113.13856506347656,-100.585304,-98.97567,-102.49155,-101.35855,-102.97147,-97.19944
42,112.83849334716797,-103.75698,-102.67926,-102.77754,-107.49904,-99.43324,-104.60186
43,116.0393295288086,-102.07119,-102.02894,-100.29949,-104.76666,-99.86294,-102.3972
44,121.12708282470703,-111.07796,-111.5371,-109.55384,-113.46548,-109.44688,-111.51834
45,122.03495788574219,-104.456505,-104.436,-102.444664,-107.83064,-102.3812,-105.214096
46,123.05059051513672,-99.03672,-99.01139,-96.735016,-101.61685,-96.503716,-99.826065
47,121.14897918701172,-96.73881,-94.379745,-97.44527,-96.68934,-99.37615,-95.298195
48,120.03459930419922,-101.086754,-98.325806,-102.59842,-100.60088,-103.99585,-100.04946
49,127.09017181396484,-106.419754,-105.13635,-107.82687,-107.98368,-109.73956,-107.64144
50,125.5846939086914,-113.639305,-110.5092,-115.83377,-115.142105,-118.40886,-115.86112
51,120.49053955078125,-113.18379,-112.28308,-113.26936,-114.11789,-115.693855,-113.34041
52,120.8372802734375,-121.427055,-120.80059,-121.26011,-121.7585,-123.50462,-121.521385
53,123.6256103515625,-122.20083,-121.27893,-121.969376,-122.45924,-124.08846,-122.01622
54,124.02346801757812,-125.16308,-124.58332,-124.469574,-124.96207,-126.75857,-125.079
55,125.3837661743164,-127.00418,-126.68906,-126.768,-127.35642,-128.07994,-127.40893
56,123.61156463623047,-121.2559,-121.03376,-121.88547,-121.42928,-122.244064,-121.23458
57,125.52667999267578,-133.78708,-133.67511,-135.87227,-133.10799,-136.57474,-133.73843
58,127.27037048339844,-130.37173,-130.14774,-130.01073,-130.28189,-131.66881,-131.72069
59,126.6600112915039,-138.08983,-137.54033,-137.88043,-137.73952,-139.9202,-139.27551
60,132.68165588378906,-143.59245,-143.2447,-143.51506,-143.46497,-144.66353,-143.3466
61,134.87396240234375,-127.16483,-126.96222,-127.712776,-127.24359,-129.48132,-127.95614
62,136.15185546875,-126.097176,-125.14072,-128.05727,-126.38025,-129.02977,-125.13922
63,138.16836547851562,-136.30513,-136.00409,-136.83823,-136.02464,-137.35034,-135.66432
64,140.2902374267578,-130.13249,-129.06256,-129.52655,-131.32463,-129.14717,-131.73271
65,116.07046508789062,-116.9183,-115.48059,-116.10338,-118.376915,-116.03306,-117.24342
66,113.80126190185547,-110.61893,-110.00505,-111.15759,-111.21968,-111.440056,-110.436676
67,111.67064666748047,-117.61542,-115.95661,-117.70535,-119.05935,-117.57954,-117.39604
68,114.58013153076172,-118.12688,-115.69975,-118.76473,-119.01603,-118.91222,-117.42695
69,114.67425537109375,-126.41895,-125.22368,-126.91454,-127.48957,-127.52119,-126.405815
70,116.54058837890625,-128.89235,-128.70755,-129.79579,-129.56789,-130.23697,-129.34225
71,116.24327087402344,-116.21821,-115.68249,-116.297325,-117.04818,-116.56989,-116.41988
72,115.06664276123047,-117.63726,-117.02302,-117.36348,-118.144646,-117.97348,-117.640686
73,116.7671127319336,-122.63059,-120.93307,-122.04524,-123.79789,-121.7236,-122.80565
74,114.4387435913086,-112.24191,-110.708786,-112.33291,-113.43685,-112.58751,-112.62033
75,114.40608978271484,-116.48915,-115.673096,-117.14344,-117.023186,-117.07693,-116.92658
76,117.51380157470703,-116.0762,-116.054146,-116.511246,-117.62212,-116.69318,-117.39762
77,121.45584869384766,-122.853874,-122.38469,-123.740585,-123.49942,-123.76265,-122.987
78,122.1644058227539,-119.300804,-119.22969,-120.05991,-119.794716,-120.54879,-119.59985
79,126.72565460205078,-128.73247,-128.10674,-129.53506,-129.54187,-129.64359,-129.11752
80,124.36827850341797,-131.83214,-131.38551,-133.14482,-132.84117,-132.8863,-132.35606
81,125.73796844482422,-136.08833,-135.98457,-137.27913,-136.91992,-137.0369,-137.02663
82,124.96111297607422,-137.01537,-136.87854,-138.10918,-137.6419,-138.31653,-137.80814
83,126.63969421386719,-140.08542,-140.1527,-141.2354,-140.45123,-141.13176,-140.51762
84,128.31158447265625,-136.70148,-136.7642,-137.62334,-137.53831,-136.58708,-136.95549
85,125.77030181884766,-141.87354,-142.40756,-143.58287,-143.06143,-144.29938,-143.6826
86,125.83370208740234,-141.0888,-142.12656,-142.44608,-143.33083,-141.32057,-144.46843
87,115.80101776123047,-123.40868,-122.14966,-122.517555,-125.607185,-121.76222,-125.146996
88,120.61869049072266,-122.58748,-122.46376,-122.991905,-123.38506,-123.8146,-123.101944
89,120.4020767211914,-134.14586,-133.15556,-133.353,-134.99673,-134.06587,-134.76732
90,118.5369644165039,-136.02779,-135.53313,-135.2367,-137.31279,-135.92154,-137.55167
91,125.50092315673828,-133.16864,-133.46262,-134.0248,-134.01683,-134.42624,-135.23184
92,120.17475128173828,-133.41476,-133.7357,-134.74219,-134.21184,-134.16281,-134.46889
93,123.1738052368164,-134.21425,-134.18005,-134.84596,-134.9072,-134.53693,-134.58366
94,126.86235809326172,-145.29959,-146.15477,-146.49147,-145.77284,-146.72296,-146.19113
95,126.74640655517578,-152.64688,-153.52773,-153.09818,-152.58415,-153.73775,-152.65813
96,125.18798828125,-145.31967,-146.07822,-147.05576,-145.3362,-147.49034,-145.16713
97,124.11817169189453,-182.50772,-183.07265,-181.9066,-181.4852,-181.58487,-182.24297
98,124.2380599975586,-182.28088,-181.70947,-182.1526,-181.54546,-181.82336,-180.42065
99,123.79850006103516,-182.87894,-181.98639,-182.68646,-183.01892,-182.28433,-181.77264
100,125.58179473876953,-173.9119,-172.75555,-173.92986,-174.263,-174.76248,-173.3073
101,130.61314392089844,-184.8362,-184.37283,-184.52547,-184.5779,-185.5732,-183.777
102,128.7041015625,-164.70522,-164.87288,-163.94107,-164.03793,-164.57854,-164.14354
103,107.17369842529297,-139.91667,-140.52107,-138.7638,-140.66156,-138.84618,-140.50246
104,106.98928833007812,-141.16959,-141.48303,-140.40211,-141.86354,-139.70885,-141.37476
105,100.74093627929688,-136.60857,-136.25458,-132.7535,-138.37161,-132.16777,-137.46588
106,90.94440460205078,-133.32167,-131.28793,-128.27353,-135.23064,-127.14317,-133.63345
107,98.63803100585938,-107.999504,-107.684906,-107.41812,-108.84388,-106.73761,-108.646866
108,101.82288360595703,-109.830444,-109.29026,-109.54896,-110.559364,-108.78472,-110.80915
109,101.4560317993164,-128.50551,-127.55881,-126.3607,-129.26915,-127.31026,-130.01128
110,103.80712890625,-100.78258,-100.00715,-99.96467,-101.05205,-101.4967,-101.72437
111,105.1081771850586,-96.77314,-97.062355,-97.395935,-96.311424,-97.66496,-96.13675
112,115.47688293457031,-115.167435,-114.73048,-115.200386,-114.66889,-115.729355,-115.51467
113,113.2343978881836,-113.0464,-112.70863,-111.44843,-112.09353,-111.93548,-112.17449
114,112.08031463623047,-122.785576,-122.57011,-123.40517,-121.620636,-124.87565,-122.647064
115,112.07755279541016,-130.10754,-130.26476,-130.36624,-129.19073,-131.54109,-131.0152
116,115.09435272216797,-138.32841,-137.06252,-139.14316,-138.0519,-138.42377,-140.22398
117,116.79759979248047,-141.06787,-139.94882,-140.34972,-138.4226,-141.27676,-142.30664
118,116.46121215820312,-120.133575,-118.62928,-118.82662,-119.32764,-119.66884,-123.1544
119,118.90833282470703,-136.48091,-135.3095,-136.28163,-134.34248,-137.14984,-138.9165
120,115.7090072631836,-119.01529,-118.891266,-118.749016,-118.911766,-119.76524,-121.54175
121,115.94712829589844,-120.42395,-123.52288,-121.24829,-122.056274,-121.48091,-122.420296
122,116.06938171386719,-111.66731,-113.690796,-114.5656,-114.47477,-115.36055,-116.268326
123,114.56949615478516,-101.58904,-104.13566,-103.17718,-104.58543,-104.325836,-103.571106
124,89.57694244384766,-53.55788,-51.40577,-53.846466,-53.710423,-54.314907,-52.776695
125,85.11702728271484,-45.477066,-46.50512,-46.53426,-48.635296,-47.966038,-47.308556
126,85.76033020019531,-54.129322,-55.266296,-54.948757,-56.7858,-56.427944,-54.77638
127,87.2654800415039,-45.636757,-46.147545,-47.02272,-47.737415,-47.949623,-46.9285
128,83.8028335571289,-39.805477,-40.102898,-41.03678,-40.125225,-41.6248,-39.45401
129,85.92308807373047,-43.96859,-45.785583,-45.289127,-45.222115,-45.788895,-44.726986
130,85.2226333618164,-41.54826,-42.727463,-42.69758,-42.547943,-43.396935,-42.20741
131,82.15257263183594,-50.935757,-52.97372,-52.020973,-52.059185,-53.162918,-51.962715
132,80.2006607055664,-43.40298,-44.387096,-43.831486,-44.250153,-44.78719,-43.58466
133,81.8775405883789,-37.412052,-37.712612,-38.14717,-38.765495,-39.344948,-37.75874
134,82.13938903808594,-31.41706,-31.08762,-31.21871,-31.95379,-31.761417,-31.206318
135,82.98763275146484,-31.529554,-30.923008,-31.200836,-32.018715,-31.86616,-31.265867
136,81.50741577148438,-27.154142,-25.76161,-26.187479,-27.19814,-26.800694,-26.27859
137,82.4565200805664,-34.514503,-33.849857,-34.26479,-34.870106,-34.981815,-34.406487
138,81.81895446777344,-30.55679,-29.364662,-29.849903,-30.441269,-30.301136,-29.649958
139,81.6873550415039,-30.067968,-29.05207,-29.48246,-29.743011,-29.920183,-29.190395
140,81.06673431396484,-25.714653,-24.383093,-24.693363,-25.15104,-25.023691,-24.355179
141,81.44090270996094,-28.26626,-27.1135,-27.537886,-27.822975,-28.006464,-27.288797
142,81.06673431396484,-25.714653,-24.383093,-24.693363,-25.15104,-25.023691,-24.355179
143,81.44090270996094,-28.26626,-27.1135,-27.537886,-27.822975,-28.006464,-27.288797
144,81.06673431396484,-25.714653,-24.383093,-24.693363,-25.15104,-25.023691,-24.355179
145,81.44090270996094,-28.26626,-27.1135,-27.537886,-27.822975,-28.006464,-27.288797
146,81.06673431396484,-25.714653,-24.383093,-24.693363,-25.15104,-25.023691,-24.355179
147,81.44090270996094,-28.26626,-27.1135,-27.537886,-27.822975,-28.006464,-27.288797
148,81.06673431396484,-25.714653,-24.383093,-24.693363,-25.15104,-25.023691,-24.355179
149,81.44090270996094,-28.26626,-27.1135,-27.537886,-27.822975,-28.006464,-27.288797
150,81.06673431396484,-25.714653,-24.383093,-24.693363,-25.15104,-25.023691,-24.355179
151,81.44090270996094,-28.26626,-27.1135,-27.537886,-27.822975,-28.006464,-27.288797
152,81.06673431396484,-25.714653,-24.383093,-24.693363,-25.15104,-25.023691,-24.355179
153,80.67268371582031,-140.80894,-139.78421,-140.39513,-139.95522,-141.13222,-140.42432
154,82.23184204101562,-118.929016,-117.94615,-118.7752,-118.28552,-119.16571,-118.61349
155,82.12030792236328,-94.36973,-93.96751,-94.076294,-93.955215,-95.22056,-93.54093
156,82.48004150390625,-91.92855,-91.75129,-91.649155,-91.74984,-92.851616,-91.15669
157,80.61434173583984,-114.23094,-113.5221,-113.9442,-113.70512,-114.64665,-113.80562
158,82.39590454101562,-118.83365,-118.13904,-118.36722,-118.380585,-119.01574,-118.413704
159,82.50955200195312,-98.15324,-97.655815,-97.80107,-97.781334,-98.765396,-97.307686
160,82.48004150390625,-91.92855,-91.75129,-91.649155,-91.74984,-92.851616,-91.15669
161,80.61434173583984,-114.23094,-113.5221,-113.9442,-113.70512,-114.64665,-113.80562
162,82.39590454101562,-118.83365,-118.13904,-118.36722,-118.380585,-119.01574,-118.413704
163,82.50955200195312,-98.15324,-97.655815,-97.80107,-97.781334,-98.765396,-97.307686
164,82.48004150390625,-91.92855,-91.75129,-91.649155,-91.74984,-92.851616,-91.15669
165,80.61434173583984,-114.23094,-113.5221,-113.9442,-113.70512,-114.64665,-113.80562
166,82.39590454101562,-118.83365,-118.13904,-118.36722,-118.380585,-119.01574,-118.413704
167,82.50955200195312,-98.15324,-97.655815,-97.80107,-97.781334,-98.765396,-97.307686
168,82.48004150390625,-91.92855,-91.75129,-91.649155,-91.74984,-92.851616,-91.15669
169,89.63316345214844,-87.806496,-89.084526,-89.51737,-89.08654,-88.80217,-87.97879
170,89.55171966552734,-96.87332,-96.293594,-96.97544,-97.21856,-96.78666,-96.86385
171,91.61612701416016,-91.70622,-91.48424,-92.031555,-92.060104,-92.33869,-91.91397
172,92.36357116699219,-92.58959,-92.40695,-92.603264,-92.941826,-92.96762,-92.78449
173,93.76544189453125,-93.22362,-93.049324,-93.38205,-93.851906,-93.759674,-93.80153
174,94.90841674804688,-94.47668,-94.233696,-94.555305,-94.90169,-95.21106,-94.67444
175,90.3638916015625,-86.35437,-85.683556,-87.220085,-86.881294,-87.41641,-86.50058
176,92.63328552246094,-88.61125,-87.76492,-89.04071,-88.41583,-89.06109,-88.73898
177,91.65042877197266,-88.35599,-88.45111,-88.39028,-88.811905,-88.689064,-89.15246
178,92.33577728271484,-85.85362,-86.088684,-86.09123,-84.928185,-87.13294,-84.88164
179,92.38399505615234,-98.52233,-98.45111,-98.66345,-99.18644,-99.23844,-98.925606
180,93.83277130126953,-104.27005,-104.312584,-104.627884,-104.46948,-105.603424,-104.33633
181,95.81140899658203,-82.60921,-82.79616,-82.721085,-82.05295,-82.8007,-82.24938
182,94.13040924072266,-91.79994,-91.89873,-92.08616,-91.614586,-92.92629,-91.49149
183,87.98927307128906,-85.89746,-86.432724,-84.255806,-84.242226,-84.758156,-85.88423
184,86.22803497314453,-80.26777,-80.305275,-80.83182,-81.43509,-81.77393,-80.69296
185,87.6379165649414,-83.95943,-83.40701,-83.956726,-85.01917,-83.807106,-84.313324
186,87.25830078125,-82.36307,-81.12555,-80.610085,-82.95678,-81.48905,-82.15816
187,86.06053924560547,-74.143265,-73.79624,-73.43468,-75.36894,-73.10608,-74.05375
188,86.08521270751953,-81.10308,-80.33951,-80.37911,-83.63083,-80.45457,-80.06765
189,85.3711929321289,-88.37273,-88.2465,-87.282486,-88.96628,-87.672806,-88.72108
190,86.25253295898438,-89.22466,-89.19895,-88.590866,-89.46093,-89.13014,-89.12166
191,93.96544647216797,-82.239555,-80.87427,-80.602936,-82.85254,-81.13706,-81.37947
192,89.7230453491211,-88.01815,-88.026596,-87.436554,-89.11446,-88.146996,-88.35976
193,86.9892807006836,-99.90304,-99.92544,-100.109,-100.62463,-100.24245,-100.0806
194,91.74959564208984,-99.2959,-99.12028,-99.14258,-100.43286,-99.52714,-99.202255
195,95.65620422363281,-98.95328,-98.29052,-98.234184,-100.29616,-98.93018,-98.876526
196,80.98175811767578,-90.79939,-90.95485,-91.12771,-91.6562,-91.67149,-91.100426
197,78.13018035888672,-82.4282,-82.47233,-82.652054,-83.46445,-83.23337,-82.70511
198,79.74612426757812,-80.83122,-80.83713,-80.66932,-82.03426,-81.318016,-81.013405
199,79.9358901977539,-75.85152,-76.01107,-76.25623,-77.09919,-77.19035,-76.22511
200,84.31217193603516,-83.86117,-83.80808,-84.18554,-84.905815,-84.66812,-84.05332
201,83.29386901855469,-84.9431,-84.27158,-85.391716,-84.879,-86.41208,-84.12572
202,85.53849792480469,-94.34131,-93.124405,-93.6372,-93.75733,-93.76404,-92.90676
203,87.30514526367188,-92.30477,-91.55787,-91.9239,-91.75905,-92.68177,-91.16176
204,82.86207580566406,-87.7907,-87.82291,-88.20033,-88.22917,-88.71007,-87.55939
205,80.62935638427734,-93.5999,-93.96074,-94.00964,-93.53773,-94.32538,-93.47917
206,83.66091918945312,-93.32541,-93.723595,-93.30836,-93.817986,-93.64468,-94.46257
207,85.4207534790039,-93.15375,-92.40805,-91.29389,-93.868355,-92.31362,-94.596794
208,83.60824584960938,-94.436005,-94.38948,-93.46076,-95.33706,-94.34357,-96.01214
209,87.27324676513672,-113.78449,-111.563995,-113.623955,-113.56537,-112.12779,-112.35476
210,88.8441390991211,-133.02354,-130.63202,-134.4639,-132.55168,-131.75195,-131.94046
211,94.0258560180664,-122.96295,-121.72406,-123.84255,-123.48926,-123.59391,-123.10748
212,89.7693099975586,-112.35562,-112.32366,-113.27465,-112.81177,-113.573,-113.0478
213,93.43380737304688,-108.88087,-108.88301,-109.07061,-109.74335,-109.40638,-109.94312
214,92.25770568847656,-117.59804,-115.8085,-118.26844,-117.68678,-117.17112,-117.07389
215,88.07256317138672,-118.79683,-116.29527,-119.19943,-118.74926,-117.70041,-117.16408
216,86.86776733398438,-103.846275,-102.015015,-104.81736,-103.46125,-103.95452,-102.54689
217,93.2405776977539,-103.64651,-103.86722,-104.72732,-104.15535,-105.2511,-103.45515
218,95.60340118408203,-94.77131,-94.814224,-94.293976,-96.145676,-93.1544,-95.28324
219,97.68434143066406,-106.66699,-106.52232,-106.094765,-107.619835,-107.053535,-108.10196
220,102.31975555419922,-95.766464,-94.94644,-95.215034,-95.99503,-95.98751,-96.292435
221,103.0692367553711,-98.95917,-98.196236,-98.52643,-99.15041,-99.29878,-99.35662
222,102.63386535644531,-101.868935,-100.66033,-101.43235,-102.068665,-102.52253,-101.84981
223,105.57807159423828,-102.35302,-100.8093,-101.167305,-102.628006,-102.70626,-102.610344
224,108.23050689697266,-110.71385,-109.45972,-109.28266,-111.26923,-111.00194,-111.55062
225,107.66814422607422,-119.13202,-118.66083,-119.76824,-120.04784,-120.09763,-120.82937
226,107.27059173583984,-114.80523,-114.17713,-115.95928,-116.13588,-116.09582,-115.29902
227,110.3573989868164,-116.68631,-116.00336,-117.99537,-117.11884,-116.34098,-116.524055
228,109.44812774658203,-122.13543,-122.497215,-126.05958,-123.393234,-123.38294,-122.33739
229,106.75609588623047,-106.57012,-107.423904,-110.628555,-108.290474,-108.812546,-106.26107
230,112.36775970458984,-109.00063,-108.95272,-110.69482,-110.24109,-110.17879,-112.27028
231,113.80978393554688,-121.57413,-121.12147,-123.34413,-122.67887,-124.75592,-124.055756
232,119.53280639648438,-121.9408,-121.25005,-126.009094,-124.970825,-122.35768,-123.90597
233,124.64097595214844,-121.37791,-121.76964,-127.67788,-123.01366,-123.83253,-130.26585
234,121.61638641357422,-125.487366,-125.56954,-126.88762,-128.52553,-123.51163,-131.02844
235,106.7136001586914,-112.40072,-111.2631,-112.93466,-111.648186,-112.4217,-111.185265
236,107.08585357666016,-108.236664,-108.02398,-107.40171,-110.36939,-107.18827,-109.947044
237,112.65544891357422,-134.5604,-133.60272,-135.41624,-134.46178,-135.50406,-134.43169
238,112.19794464111328,-110.28071,-109.72427,-111.71493,-110.605034,-112.17979,-110.61864
239,109.9688949584961,-110.336716,-110.38179,-112.319176,-111.18932,-112.62968,-111.73393
240,110.10385131835938,-116.682175,-116.48021,-119.25929,-117.16438,-119.34413,-117.2742
241,118.26893615722656,-125.778984,-125.12709,-128.40373,-125.67446,-128.29172,-126.3487
242,119.37356567382812,-118.96431,-118.699265,-120.50055,-118.02939,-121.418785,-117.369095
243,119.60272979736328,-119.7233,-119.57662,-120.313995,-121.284065,-121.11046,-120.39171
244,123.77054595947266,-135.49092,-136.00531,-135.95818,-137.23288,-136.7308,-139.32314
245,127.44139099121094,-136.14594,-136.1136,-137.81569,-135.56003,-137.61267,-137.34712
246,130.4544677734375,-142.2586,-143.19644,-146.19939,-142.86769,-147.13693,-145.35085
247,132.06320190429688,-172.69171,-171.34033,-171.03981,-175.47697,-172.02644,-172.5672
248,130.26560974121094,-157.58148,-150.90259,-158.34653,-160.87141,-160.5301,-154.48529
249,129.6044921875,-153.23727,-158.17154,-155.87364,-155.95363,-161.75598,-155.36153
250,132.78619384765625,-138.96106,-139.88417,-141.11919,-138.26639,-145.58562,-138.70949
251,105.45565795898438,-128.26222,-129.13089,-128.50209,-130.07158,-128.17555,-128.50117
252,105.36659240722656,-123.5384,-123.42006,-124.01652,-124.54146,-123.74169,-123.959946
253,107.44303894042969,-118.17106,-118.02634,-118.803185,-119.384315,-118.88598,-118.50629
254,114.26984405517578,-125.24063,-125.230705,-124.70077,-125.74418,-126.18362,-125.06435
255,111.3452377319336,-118.64413,-118.96604,-117.922745,-119.20632,-118.84008,-119.30974
256,116.53474426269531,-131.41365,-131.49977,-131.94827,-131.73729,-132.92291,-132.58217
257,117.5542221069336,-140.82138,-142.15526,-141.49745,-143.57951,-140.10905,-141.23645
258,120.2158432006836,-128.77599,-126.42958,-127.95507,-129.64598,-127.37685,-126.520996
259,115.55931854248047,-124.908394,-124.55882,-124.06988,-124.96518,-123.35464,-123.994606
260,117.91033935546875,-127.74846,-127.54146,-127.27323,-128.02777,-127.58615,-129.33789
261,123.52938842773438,-130.00287,-130.50262,-131.66557,-129.5064,-133.45996,-130.1522
262,124.34236907958984,-144.8281,-146.29713,-145.87617,-144.27975,-146.72002,-146.64497
263,123.90006256103516,-159.32637,-159.03677,-158.11719,-159.33449,-158.12328,-161.47794
264,125.57316589355469,-146.91547,-147.42122,-145.75835,-145.46237,-145.23807,-148.16757
265,126.93987274169922,-141.9924,-142.41177,-139.99449,-139.99138,-140.57814,-140.6403
266,127.89550018310547,-147.31062,-149.7823,-149.43567,-147.26817,-149.68571,-149.84746
267,131.40203857421875,-149.3247,-151.27792,-152.27336,-149.5406,-150.76797,-152.17534
268,132.64794921875,-158.49413,-161.71373,-159.25308,-159.85228,-157.41753,-158.6075
269,133.7349853515625,-159.59279,-160.46402,-161.40788,-158.65532,-161.46745,-163.79648
270,124.15481567382812,-163.20187,-165.59726,-163.38387,-162.04594,-165.18481,-166.08942
271,114.5456314086914,-121.13707,-127.32053,-125.76396,-122.97021,-121.31975,-119.16104
272,100.34236907958984,-95.65374,-96.41197,-95.89382,-97.59679,-94.71904,-95.61379
273,90.86112976074219,-109.71122,-113.04263,-110.196175,-113.507576,-107.191864,-113.45886
274,93.65302276611328,-109.09579,-108.50117,-111.526405,-113.16137,-105.94389,-112.4837
275,76.63591766357422,-81.820206,-83.414024,-89.953384,-87.97309,-83.12902,-82.009926
276,79.49478912353516,-63.785084,-67.28104,-72.468414,-72.736305,-69.72654,-69.34164
277,76.13325500488281,-48.427288,-55.391212,-56.678593,-57.179134,-56.665306,-55.679005
278,69.13997650146484,-47.12461,-55.047306,-64.5035,-55.92655,-58.533302,-63.016335
279,75.03700256347656,-56.5138,-68.32811,-73.74675,-64.54145,-62.464977,-68.12946
280,66.42168426513672,-19.252094,-27.529858,-35.947773,-30.05596,-28.608751,-25.756594
281,67.18189239501953,-121.90985,-120.8127,-120.77071,-121.73217,-119.53649,-122.87106
282,67.58817291259766,-98.5717,-97.34089,-97.13682,-99.77887,-98.059456,-100.307365
283,64.27652740478516,-95.86478,-95.438515,-95.06119,-95.55968,-94.593124,-95.177475
284,65.9902572631836,-92.98694,-92.89699,-92.155754,-94.06242,-92.92379,-93.667946
285,66.33654022216797,-99.10574,-99.01542,-99.00236,-99.4536,-99.08489,-98.97843
286,66.20296478271484,-106.388985,-106.39073,-106.16144,-106.85225,-106.26361,-106.5877
287,67.51853942871094,-108.92012,-109.10615,-108.90872,-109.13316,-108.561676,-108.58807
288,67.25205993652344,-102.30717,-102.46141,-102.470726,-102.64569,-102.53157,-102.20362
289,69.20109558105469,-91.82897,-92.06433,-91.51021,-92.37532,-91.764595,-91.95667
290,71.52413940429688,-101.215225,-101.594666,-101.3462,-101.6647,-101.564476,-101.22806
291,74.38085174560547,-114.602135,-114.9878,-114.11031,-115.69477,-114.33088,-115.240616
292,75.79965209960938,-112.43891,-112.63568,-112.21059,-113.413445,-112.510765,-112.90261
293,73.60174560546875,-102.66768,-102.542015,-102.579185,-102.941315,-102.56787,-102.82719
294,73.08106994628906,-92.73404,-92.790855,-92.36004,-93.38157,-92.61407,-93.04112
295,75.37283325195312,-114.634926,-114.09049,-115.12087,-113.84595,-114.53618,-114.50641
296,73.77294158935547,-100.506966,-100.01724,-100.36184,-100.28768,-100.17547,-100.647224
297,76.2608642578125,-105.870384,-105.481674,-105.35959,-106.16605,-105.408325,-106.1999
298,79.66407775878906,-106.23642,-105.876945,-106.16219,-105.99149,-106.21,-106.07225
299,78.54228973388672,-96.314514,-96.1363,-96.071815,-96.2088,-96.01841,-96.17669
300,78.12213897705078,-91.59992,-91.50236,-91.485954,-91.48953,-91.11259,-91.25263
301,74.8113021850586,-96.399635,-96.01884,-96.04026,-96.32967,-96.21328,-96.209526
302,74.61402130126953,-110.69011,-110.01259,-110.24712,-110.427055,-110.01176,-110.596825
303,71.91476440429688,-101.62288,-100.673744,-101.63499,-100.92198,-101.58929,-101.50323
304,71.80347442626953,-87.19787,-87.090996,-87.44012,-87.10048,-87.38591,-86.950935
305,70.93415832519531,-79.46314,-79.905235,-79.47254,-80.24327,-79.37089,-79.257095
306,75.7448501586914,-95.22059,-95.401695,-95.19492,-95.75689,-95.1377,-95.03829
307,77.25067901611328,-91.157104,-91.375885,-91.214264,-91.531975,-91.06147,-90.719604
308,81.53076934814453,-82.91393,-83.625946,-82.597786,-84.465965,-82.855865,-83.55545
309,77.27632904052734,-92.599525,-92.79777,-92.77844,-93.05059,-92.62952,-91.894485
310,80.04033660888672,-81.64924,-81.71379,-81.02895,-82.56511,-81.54694,-81.1924
311,78.6707763671875,-85.946304,-85.89604,-85.87573,-86.4161,-85.78579,-85.11257
312,80.03379821777344,-80.57552,-80.7853,-80.09403,-81.93067,-80.54168,-80.382256
313,81.87350463867188,-102.86614,-102.48555,-103.725426,-102.11117,-103.59529,-102.01139
314,84.77034759521484,-97.279106,-97.35173,-97.37069,-97.54666,-97.611595,-97.15072
315,84.69200897216797,-108.80917,-108.85166,-107.21649,-109.64181,-107.13659,-108.26912
316,84.00830078125,-109.43392,-109.456955,-109.78559,-110.05963,-110.123215,-109.30622
317,83.3314437866211,-106.849815,-107.78046,-106.51908,-107.9721,-106.65999,-106.55
318,84.93962860107422,-113.296135,-113.650375,-112.81161,-113.517685,-112.949295,-112.697495
319,84.88877868652344,-121.05726,-121.243416,-119.954414,-121.851776,-120.40126,-121.25906
320,84.14348602294922,-130.06638,-129.88065,-129.16704,-130.4081,-129.45633,-130.13918
321,84.94673919677734,-138.15321,-138.22046,-138.6841,-138.38933,-138.28668,-138.24956
322,82.49874114990234,-142.77612,-143.39403,-143.81725,-142.66336,-143.64589,-142.79907
323,80.41112518310547,-127.116356,-127.11873,-127.10692,-127.007324,-126.64312,-127.35005
324,83.54281616210938,-133.45145,-133.77092,-133.27728,-133.35904,-132.72325,-133.61452
325,84.09685516357422,-133.44955,-134.28357,-134.77623,-133.09677,-133.12706,-133.37537
326,85.12163543701172,-115.73315,-116.21973,-116.10594,-115.564804,-115.51961,-115.01984
327,87.57772064208984,-111.977356,-112.33757,-111.11815,-113.41838,-111.23392,-112.23415
328,86.71846771240234,-120.86826,-121.34643,-121.80686,-121.70646,-121.89527,-121.19393
329,90.1919174194336,-116.81504,-117.67742,-117.30684,-118.21968,-116.83013,-117.44251
330,93.54566955566406,-102.5981,-103.50876,-102.08327,-103.49357,-101.83478,-103.22363
331,97.6980209350586,-87.58319,-87.88557,-86.92003,-87.51911,-86.9999,-88.02099
332,100.62920379638672,-102.3239,-102.31184,-102.58791,-100.78553,-101.78871,-102.07882
333,101.29878997802734,-100.74788,-100.74589,-100.87278,-100.377625,-100.58791,-101.866035
334,97.87406158447266,-90.14455,-90.34879,-89.462166,-90.728035,-89.51475,-91.35692
335,98.35778045654297,-100.913025,-101.38636,-100.594666,-100.79344,-100.73023,-101.59933
336,97.4567642211914,-97.49718,-97.85486,-97.398705,-96.065254,-97.18971,-97.78232
337,103.33255004882812,-107.63625,-107.63669,-106.98887,-105.02729,-106.48271,-106.09934
338,103.38500213623047,-110.29613,-109.85598,-108.93749,-108.068855,-108.76911,-109.129715
339,101.7391357421875,-110.12854,-110.28571,-110.17616,-109.96807,-109.84574,-110.84846
340,106.9178695678711,-111.13775,-110.843864,-110.8465,-111.555534,-110.47686,-112.113525
341,104.7809829711914,-122.46822,-121.19032,-122.29748,-119.361984,-121.489494,-120.524605
342,104.20172882080078,-131.69994,-130.76683,-131.79727,-130.74315,-130.52008,-130.94449
343,101.49076843261719,-118.89599,-118.467155,-118.43705,-117.737236,-117.16862,-118.0039
344,102.05833435058594,-108.15382,-108.33166,-108.31752,-107.34847,-107.595795,-107.40085
345,107.1925048828125,-92.26038,-92.05718,-93.49119,-90.10346,-93.101364,-92.57461
346,105.94792938232422,-105.795204,-105.55025,-105.601395,-105.629166,-105.049,-106.88612
347,104.3504409790039,-114.11287,-113.07666,-115.458824,-111.44335,-115.04153,-114.29079
348,107.64696502685547,-114.419495,-114.33334,-114.62676,-113.674515,-114.46598,-115.87121
349,110.10740661621094,-103.65864,-103.01716,-101.25681,-102.57139,-100.20417,-102.834305
350,113.9591293334961,-103.60072,-102.58303,-101.26484,-103.41183,-100.32576,-104.11483
351,117.21919250488281,-117.618286,-116.51508,-118.926674,-116.60781,-118.81563,-118.67474
352,117.14631652832031,-121.227554,-120.53452,-120.70326,-120.95793,-120.37845,-120.9523
353,109.83778381347656,-130.72548,-130.84238,-132.02205,-128.67952,-130.37961,-128.21437
354,113.890625,-123.00962,-122.82554,-123.155556,-121.73406,-122.56823,-121.01479
355,113.5455093383789,-127.43696,-126.057396,-126.54029,-126.293304,-127.321205,-127.82783
356,119.45111846923828,-116.277084,-114.637245,-115.25704,-117.40256,-115.18118,-115.55279
357,120.3144760131836,-111.76006,-109.48787,-111.11636,-110.530075,-112.25755,-110.072365
358,114.26641082763672,-112.64421,-110.739944,-111.56042,-110.48435,-113.185036,-110.862274
359,115.4629898071289,-114.84355,-113.60817,-113.19109,-114.55678,-113.01412,-113.89384
360,116.24302673339844,-114.791466,-114.23492,-114.543396,-114.382576,-115.42152,-113.84587
361,124.69147491455078,-142.40317,-143.90727,-143.11378,-145.6972,-140.0403,-142.86168
362,124.8713607788086,-135.45438,-137.9886,-139.96541,-135.39401,-134.62187,-134.95453
363,121.61772918701172,-132.35703,-132.74971,-134.20776,-130.36263,-133.54478,-131.31573
364,122.97630310058594,-123.280426,-123.0098,-124.22705,-120.24561,-122.241234,-120.54606
365,128.71385192871094,-124.5478,-124.91777,-125.48762,-124.792336,-124.06791,-124.6289
366,131.93600463867188,-110.00867,-109.71666,-109.250534,-110.81049,-108.30225,-109.79655
367,125.45640563964844,-123.642555,-122.42448,-121.14046,-114.28355,-124.13712,-115.314545
368,129.45252990722656,-136.77725,-134.89006,-137.61295,-137.98033,-139.30128,-136.41891
369,115.86238861083984,-103.39014,-103.674515,-103.31073,-102.8387,-103.8206,-102.39595
370,122.76514434814453,-115.26442,-116.51321,-113.80311,-117.06988,-115.69405,-116.54037
371,116.91957092285156,-136.77136,-138.72809,-137.16238,-138.26259,-139.5923,-139.85689
372,120.6967544555664,-107.03456,-109.68575,-110.945694,-98.7512,-112.19776,-107.864746
373,120.58393096923828,-128.57637,-131.7894,-135.34135,-129.10703,-134.80928,-133.18094
374,119.83769989013672,-104.68912,-111.596115,-113.24229,-103.39535,-113.63284,-108.19139
375,120.43628692626953,-97.35687,-100.823135,-104.04293,-90.38116,-102.51061,-94.75897
376,117.42253875732422,-115.16405,-117.7426,-119.77495,-113.52705,-117.566086,-117.18947
377,103.99140930175781,-144.00087,-142.54034,-147.12944,-141.86967,-145.47327,-141.69261
378,102.47346496582031,-153.4107,-151.77284,-155.5091,-152.50221,-153.09802,-151.76892
379,112.04207611083984,-127.02589,-126.44558,-126.327126,-128.6097,-125.04993,-127.656906
380,114.64409637451172,-127.04775,-126.490105,-126.40514,-128.34229,-126.16973,-126.808556
381,101.84171295166016,-119.85215,-118.66692,-121.94358,-118.78125,-121.17126,-119.40012
382,109.823486328125,-149.22778,-152.78395,-153.11964,-152.54012,-148.74323,-149.59752
383,110.92962646484375,-123.12875,-122.75428,-126.19651,-123.08002,-124.9446,-121.59369
384,108.7139663696289,-130.64133,-130.82181,-135.17581,-130.27051,-132.70149,-128.39354
385,107.0978775024414,-136.49461,-135.8929,-138.35541,-136.27463,-137.83678,-134.85841
386,105.29553985595703,-137.29366,-138.81114,-139.91997,-137.81654,-138.74637,-136.5374
387,115.93152618408203,-128.66377,-127.84739,-130.08617,-131.04657,-132.28656,-130.91849
388,106.92745971679688,-134.90442,-134.14735,-135.1805,-133.72597,-136.98584,-134.08
389,101.41350555419922,-111.05349,-109.66356,-110.55476,-112.572334,-110.68049,-112.58929
390,102.21871948242188,-140.315,-139.18045,-141.03218,-141.02472,-139.63838,-140.6572
391,104.16849517822266,-147.59494,-147.3944,-147.64456,-148.6503,-147.83212,-148.17488
392,100.93294525146484,-146.19264,-145.92508,-146.67448,-147.32329,-146.17064,-146.4564
393,105.29780578613281,-151.09767,-150.36676,-151.19646,-151.8329,-151.89287,-151.1085
394,105.33213806152344,-144.00839,-143.36844,-145.72258,-144.39102,-144.99304,-143.4198
395,103.32450866699219,-134.01462,-132.95152,-135.65367,-134.37012,-134.59097,-133.52432
396,99.5520248413086,-135.53279,-134.25748,-137.24652,-135.47276,-135.83754,-135.5248
397,97.65351104736328,-144.06912,-143.0587,-145.97234,-143.18895,-144.73578,-143.20992
398,98.89153289794922,-135.77786,-135.76208,-136.0158,-136.99448,-136.29349,-136.6473
399,100.8328857421875,-103.70203,-102.71583,-101.78543,-105.58612,-103.58708,-104.4405
400,100.43341064453125,-89.56204,-88.72908,-90.36428,-91.4846,-90.83489,-90.68986
401,97.41056823730469,-102.9327,-102.70285,-104.380325,-104.15877,-104.98018,-103.792595
402,94.5328140258789,-110.7549,-110.08721,-112.047295,-110.71176,-112.64732,-111.4392
403,95.60394287109375,-125.1082,-125.51934,-128.42372,-126.237175,-128.47693,-126.50992
404,95.0837173461914,-123.368744,-124.481384,-125.80138,-122.45623,-127.16159,-122.94881
405,98.45500946044922,-135.57277,-135.31209,-136.84875,-135.56459,-136.13832,-136.66383
406,97.74070739746094,-135.48438,-134.7139,-136.43741,-136.77916,-134.4862,-137.442
407,101.2982177734375,-145.3883,-145.65833,-147.59592,-147.13448,-145.45358,-146.93446
408,103.52828979492188,-144.41486,-145.16089,-146.02486,-148.2794,-143.90143,-143.99384
409,102.9356460571289,-107.899155,-106.959236,-111.49322,-111.06668,-110.48377,-111.28631
410,99.15264129638672,-104.13676,-100.69703,-104.6127,-106.4154,-103.70399,-106.12453
411,97.45829010009766,-99.292114,-97.47384,-102.40129,-101.33482,-102.55198,-102.32563
412,74.28597259521484,-57.837654,-57.713898,-58.059826,-56.96509,-60.988094,-59.214905
413,90.7645492553711,-101.35492,-101.762276,-103.62492,-101.92808,-104.392914,-102.32103
414,94.67121887207031,-146.16476,-147.42177,-148.63737,-146.28719,-148.93753,-146.71562
415,92.25973510742188,-123.103775,-124.505165,-127.333244,-122.67562,-127.187706,-122.62205
416,94.32515716552734,-127.01926,-128.29012,-128.21788,-128.22462,-127.77493,-128.02257
417,105.27185821533203,-133.74614,-134.54509,-133.70563,-134.56668,-134.07721,-134.10696
418,103.10067749023438,-134.23203,-135.27017,-134.00519,-135.23041,-134.83174,-135.04851
419,93.92589569091797,-129.78821,-128.21017,-131.8408,-129.5421,-130.18362,-129.80986
420,105.38165283203125,-120.28267,-120.105484,-119.142914,-120.85917,-117.91266,-121.060776
421,112.00812530517578,-129.58838,-127.025024,-129.3303,-128.70468,-128.59653,-130.33385
422,111.4898910522461,-132.21722,-130.75146,-132.5056,-131.02332,-131.30103,-132.71768
423,108.5934829711914,-135.10938,-133.88309,-135.72577,-134.11545,-134.50235,-135.77216
424,110.8222427368164,-141.98117,-140.48468,-145.01999,-141.47227,-143.19926,-142.5099
425,106.1089096069336,-130.70119,-127.42354,-135.06834,-126.27671,-131.94376,-129.59624
426,114.47088623046875,-118.972755,-113.55572,-124.13588,-113.390816,-124.66829,-118.82988
427,109.58720397949219,-119.27369,-114.447876,-126.6675,-115.94017,-128.26048,-121.262146
428,103.32231140136719,-136.7124,-134.25775,-140.4644,-136.10735,-142.03763,-140.91077
429,108.47512817382812,-130.80565,-125.90164,-134.82977,-127.99212,-135.61833,-131.47264
430,105.14983367919922,-154.9893,-155.39685,-154.71956,-156.59369,-155.24771,-156.63962
431,107.08747100830078,-128.75703,-128.83894,-127.85729,-130.83163,-129.42427,-130.48872
432,103.33013153076172,-107.78718,-106.359276,-106.34904,-104.725075,-107.75452,-104.665
433,119.0676498413086,-125.991295,-125.41847,-122.30783,-123.84766,-122.529,-126.24098
434,110.06172180175781,-106.867134,-103.92316,-102.74978,-106.26198,-102.13412,-105.07218
435,101.06493377685547,-65.54766,-65.18044,-61.647907,-63.805943,-62.65051,-61.80835
436,114.2007064819336,-97.9107,-97.95077,-95.44607,-100.67915,-97.50473,-98.14472
437,101.80728149414062,-100.99252,-97.68957,-96.27559,-103.64007,-100.03723,-98.29262
438,89.6003189086914,-80.87857,-79.22429,-78.155014,-81.384094,-83.19715,-80.834366
439,100.86844635009766,-100.62159,-95.428604,-97.02572,-101.35786,-100.51181,-98.03755
440,111.84201049804688,-99.24459,-97.91011,-100.064026,-101.94249,-99.46154,-98.639015
441,107.47444915771484,-92.60326,-92.390785,-92.03627,-92.7754,-94.15342,-93.12656
442,121.87744903564453,-106.645226,-110.87201,-107.29366,-108.75947,-105.82166,-111.276794
443,126.57098388671875,-98.11052,-102.73664,-96.72715,-99.904144,-95.7955,-103.06623
444,129.509033203125,-111.71271,-119.5576,-111.09061,-113.62778,-109.76114,-116.91944
445,115.16376495361328,-96.123825,-103.06608,-92.54533,-94.37558,-94.66379,-96.591576
446,122.38274383544922,-111.81383,-115.53651,-109.943954,-111.7152,-112.72586,-112.8377
447,117.73808288574219,-72.063065,-74.65011,-67.91392,-72.181946,-72.76313,-71.05263
448,115.65410614013672,-62.6304,-63.963013,-60.124424,-61.38731,-64.91134,-60.19583
449,115.66567993164062,-45.194115,-44.184925,-43.8087,-41.928185,-48.1911,-41.03247
450,114.86714172363281,-41.659943,-40.071716,-41.46915,-35.931156,-45.848423,-38.69705
451,120.55332946777344,-52.056583,-52.420082,-54.114273,-47.321873,-57.147373,-51.49811
452,125.9284439086914,-63.319057,-63.788692,-67.9617,-58.28278,-70.2441,-64.47937
453,129.97669982910156,-68.83397,-69.92362,-76.61439,-61.043922,-79.72571,-70.91968
454,136.35755920410156,-70.17693,-70.571655,-80.202576,-61.036747,-83.51353,-71.34746
455,135.14476013183594,-70.57346,-70.90857,-79.52723,-61.63407,-82.83673,-70.61785
456,123.57148742675781,-69.181595,-69.63312,-78.102615,-61.13266,-81.311264,-68.339775
457,114.29631042480469,-59.470463,-58.856617,-67.44311,-53.05996,-69.735146,-57.89775
458,100.52977752685547,-52.35312,-51.164673,-54.921078,-46.367603,-56.567303,-51.744183
459,89.89746856689453,-47.549786,-47.449535,-48.732815,-41.49097,-50.390923,-48.28774
460,86.63428497314453,-47.20272,-47.420395,-48.12202,-41.764526,-50.89807,-49.294388
461,87.21612548828125,-54.57278,-53.801506,-55.43276,-51.106144,-60.100117,-59.62924
462,91.62679290771484,-70.30795,-68.262085,-70.36841,-68.08999,-75.63111,-76.311646
463,81.72230529785156,-72.12114,-68.20398,-73.23308,-68.98066,-77.44949,-77.71037
464,75.22846984863281,-78.62833,-71.67172,-80.453285,-72.80345,-83.88664,-83.63749
465,69.4830551147461,-83.105896,-74.40091,-86.068405,-76.349335,-88.511894,-87.095184
466,56.35483169555664,-85.217316,-76.134315,-88.63748,-79.68879,-89.63154,-87.0087
467,50.24885559082031,-86.5736,-77.16996,-90.09964,-81.807175,-90.798904,-86.9857
468,76.18746185302734,-167.79947,-166.53098,-166.63005,-167.00854,-166.85838,-167.43324
469,77.3280258178711,-165.13838,-163.84996,-163.80342,-164.47269,-164.30765,-164.70677
470,77.26456451416016,-164.91562,-163.72343,-163.6102,-164.26768,-163.82947,-164.23444
471,78.28563690185547,-122.59681,-122.07514,-121.98658,-122.67039,-122.633286,-122.30381
472,75.92630004882812,-155.01144,-153.86539,-153.98067,-154.34134,-154.21706,-154.39836
473,76.01464080810547,-163.60973,-162.40663,-162.40697,-162.94077,-162.54759,-163.00563
474,76.99703216552734,-166.1952,-165.0456,-164.89346,-165.59334,-165.02678,-165.51593
475,78.28563690185547,-122.59681,-122.07514,-121.98658,-122.67039,-122.633286,-122.30381
476,75.92630004882812,-155.01144,-153.86539,-153.98067,-154.34134,-154.21706,-154.39836
477,76.01464080810547,-163.60973,-162.40663,-162.40697,-162.94077,-162.54759,-163.00563
478,76.99703216552734,-166.1952,-165.0456,-164.89346,-165.59334,-165.02678,-165.51593
479,78.28563690185547,-122.59681,-122.07514,-121.98658,-122.67039,-122.633286,-122.30381
480,75.92630004882812,-155.01144,-153.86539,-153.98067,-154.34134,-154.21706,-154.39836
481,76.01464080810547,-163.60973,-162.40663,-162.40697,-162.94077,-162.54759,-163.00563
482,76.99703216552734,-166.1952,-165.0456,-164.89346,-165.59334,-165.02678,-165.51593
483,78.28563690185547,-122.59681,-122.07514,-121.98658,-122.67039,-122.633286,-122.30381
484,83.91121673583984,-140.28961,-139.74173,-138.33894,-139.33342,-137.1697,-136.70416
485,86.33960723876953,-118.02391,-117.49889,-118.32948,-118.64466,-118.56439,-118.38604
486,91.72962951660156,-119.472595,-118.24656,-118.198235,-119.20598,-119.29805,-119.110245
487,91.9000015258789,-111.34003,-110.58009,-110.96513,-112.7817,-111.75794,-112.32856
488,92.3531723022461,-124.62854,-123.41988,-124.30332,-124.43828,-125.45525,-124.24496
489,89.7229232788086,-133.28262,-132.0696,-132.77457,-133.04454,-134.13188,-133.04175
490,95.2050552368164,-106.35077,-106.79969,-106.53582,-107.78831,-107.09651,-107.98066
491,90.92141723632812,-114.693085,-115.004875,-114.76329,-116.18792,-114.6592,-115.59438
492,90.6544189453125,-124.2607,-124.90962,-125.811874,-124.388985,-125.89459,-126.52939
493,89.95662689208984,-125.578766,-125.52447,-125.566086,-126.44293,-125.23114,-127.312256
494,91.44679260253906,-131.25229,-131.10056,-131.15356,-133.21227,-132.00098,-133.46288
495,91.89010620117188,-122.369804,-121.995865,-122.69124,-124.47035,-122.21021,-124.28597
496,87.02291107177734,-117.27094,-117.72819,-118.084816,-119.18807,-116.38615,-118.561775
497,91.93636322021484,-126.21052,-125.935104,-127.38128,-127.92579,-125.97232,-127.3256
498,90.2160415649414,-111.9797,-111.77848,-113.50465,-113.20777,-112.08045,-113.165306
499,89.13792419433594,-104.20134,-104.37088,-105.60481,-103.84195,-104.956795,-105.72622
500,93.87665557861328,-123.29388,-123.755775,-123.458374,-124.71897,-122.132164,-125.94788
501,95.82000732421875,-120.6527,-120.44908,-120.11555,-121.80309,-118.30633,-123.054565
502,97.74176025390625,-113.90624,-114.09788,-113.83646,-112.87517,-112.98607,-116.31727
503,95.2050552368164,-107.62677,-107.91119,-106.23935,-108.424484,-105.9404,-110.9326
504,98.47180938720703,-125.06498,-124.88948,-123.653534,-126.90792,-122.0118,-129.0794
505,98.09113311767578,-107.813515,-107.00564,-108.24379,-108.90079,-108.084015,-110.49317
506,96.34429168701172,-134.81668,-134.70047,-133.21858,-137.59216,-133.99133,-137.04265
507,101.5159683227539,-142.23311,-141.43062,-140.41475,-144.36768,-140.7091,-143.2329
508,104.23784637451172,-133.83278,-134.9723,-134.8658,-137.2975,-135.44865,-134.99998
509,102.02074432373047,-131.65427,-133.00484,-131.75899,-133.98798,-132.771,-133.81055
510,101.75348663330078,-127.71603,-129.04906,-127.55253,-129.38167,-129.70285,-129.05092
511,107.9756088256836,-142.84859,-142.94383,-142.71678,-143.1237,-143.4299,-143.81682
512,98.8079605102539,-115.42007,-112.50401,-115.09493,-113.00168,-114.3876,-113.95949
513,91.57726287841797,-95.13596,-93.46689,-96.86954,-92.50241,-97.39317,-93.79485
514,102.03983306884766,-109.11886,-107.45857,-109.090004,-109.06297,-110.416176,-110.52835
515,91.67718505859375,-100.81132,-100.19947,-102.356544,-100.97091,-100.24188,-100.56841
516,82.96842956542969,-90.82994,-89.4109,-93.25919,-89.96212,-93.45317,-88.54864
517,89.68169403076172,-108.738976,-110.236755,-109.317566,-109.54657,-111.41939,-110.44404
518,90.53852844238281,-113.48905,-112.82803,-112.15463,-114.248886,-113.36242,-114.9586
519,93.24735260009766,-136.15666,-138.29356,-135.55344,-137.58444,-135.6759,-139.76492
520,90.95122528076172,-127.13442,-126.351654,-128.54979,-126.43305,-127.03434,-127.35939
521,97.98027801513672,-125.118866,-124.757576,-125.26686,-124.79826,-124.53974,-125.60759
522,96.81709289550781,-85.32583,-88.07323,-87.06098,-84.426186,-88.513954,-88.45446
523,97.61316680908203,-104.51289,-107.81861,-104.398415,-98.11462,-101.95317,-101.96709
524,93.2420425415039,-118.48088,-117.750404,-118.72687,-116.417175,-118.35011,-118.32367
525,93.2667465209961,-120.71794,-120.8734,-122.21095,-119.570694,-123.34185,-120.26079
526,91.39058685302734,-127.65163,-127.3525,-128.62787,-126.29023,-128.0511,-127.26667
527,84.76570892333984,-123.15052,-123.03224,-126.11788,-123.06848,-126.18283,-122.55743
528,88.9749984741211,-123.98768,-123.55897,-126.80584,-121.758865,-126.96209,-122.22886
529,95.45796203613281,-118.84765,-120.012566,-122.77883,-115.53053,-122.03721,-115.75413
530,98.13896179199219,-111.48286,-114.798355,-114.85973,-108.53022,-113.71645,-109.56171
531,91.42333984375,-118.18272,-118.11642,-119.78272,-115.935905,-119.44204,-116.176994
532,96.68929290771484,-124.14953,-124.5074,-123.53813,-123.63759,-123.156784,-124.28002
533,93.91157531738281,-125.54615,-124.68969,-126.38272,-124.4776,-125.45823,-123.227806
534,95.19014739990234,-106.312614,-105.07983,-107.69977,-106.23914,-106.66568,-107.56157
535,94.5830307006836,-97.99047,-96.416985,-98.66752,-98.29491,-99.22337,-101.29353
536,97.87042999267578,-95.85477,-95.02101,-98.75391,-95.238205,-97.2354,-97.09276
537,98.57569122314453,-99.14168,-99.45795,-100.4328,-98.335464,-100.6163,-100.390076
538,98.03657531738281,-97.03428,-98.23716,-97.9677,-96.91373,-99.45484,-99.46759
539,103.45154571533203,-102.34962,-106.21734,-103.79246,-102.938255,-104.22563,-104.49052
540,104.5024642944336,-102.30245,-108.809044,-106.0394,-100.9238,-103.41589,-104.20055
541,113.48133087158203,-108.04934,-113.134926,-109.39557,-105.68325,-108.75969,-110.94823
542,109.56373596191406,-105.49838,-111.50025,-105.18199,-104.786095,-104.64553,-109.33615
543,119.03685760498047,-120.3758,-118.47709,-120.2015,-117.61391,-118.78495,-122.74009
544,117.6645736694336,-112.80401,-112.318665,-112.78933,-108.21391,-111.36381,-112.7086
545,113.7642593383789,-94.16919,-96.57722,-93.95381,-88.93385,-92.649,-92.41795
546,100.86873626708984,-77.83001,-79.65727,-79.049736,-76.27776,-77.5649,-77.557045
547,96.4222412109375,-76.172386,-79.63364,-77.3572,-76.858955,-77.3459,-75.436134
548,93.98774719238281,-78.79169,-78.462555,-76.682,-80.71174,-80.01945,-80.143456
549,96.4488754272461,-100.93713,-100.424,-100.60059,-102.36417,-100.7451,-99.56247
550,99.85400390625,-91.43144,-94.31994,-88.73198,-87.22409,-88.05309,-92.888954
551,95.76284790039062,-97.85627,-99.585304,-95.7617,-95.290924,-95.07829,-98.173195
552,99.12325286865234,-114.11816,-114.380585,-114.65233,-115.80139,-114.072845,-114.1731
553,99.60596466064453,-118.22812,-118.85358,-118.25118,-121.42769,-118.828804,-120.23758
554,101.1526107788086,-129.58466,-128.53612,-130.02324,-129.55963,-128.97758,-130.56657
555,97.75023651123047,-110.47677,-109.38717,-110.26591,-111.385574,-110.29719,-110.5526
556,94.55036163330078,-105.48567,-105.30959,-105.60396,-107.65033,-105.281845,-106.40121
557,97.59822082519531,-111.93198,-112.25764,-113.44865,-114.20697,-112.36204,-113.80446
558,98.84819030761719,-100.78607,-100.268555,-102.987854,-101.296524,-101.3731,-102.129845
559,93.77574920654297,-107.93556,-107.558784,-108.076416,-108.861176,-106.51318,-109.0354
560,90.05913543701172,-112.53752,-111.33405,-113.17255,-112.87967,-111.857315,-114.16294
561,88.68204498291016,-127.259964,-125.85121,-127.80419,-127.72002,-125.9041,-129.1462
562,94.03515625,-119.992226,-118.9842,-120.18034,-120.023254,-118.69545,-121.827126
563,91.83905792236328,-120.15333,-119.4889,-120.98809,-120.23293,-119.07288,-120.57532
564,89.85698699951172,-86.40567,-86.95614,-83.98448,-84.29924,-83.8001,-87.61738
565,91.88664245605469,-88.96028,-87.619835,-90.89118,-88.99529,-92.26771,-90.49911
566,90.43415069580078,-86.49577,-86.90939,-84.09606,-83.894104,-85.53984,-88.010086
567,83.84420013427734,-82.0878,-83.17495,-78.76637,-78.01502,-78.790535,-84.411476
568,84.28237915039062,-83.45374,-83.4629,-83.87122,-85.59038,-82.89184,-86.64229
569,88.81046295166016,-91.373985,-92.15448,-91.76509,-91.98252,-92.908775,-92.495605
570,81.84584045410156,-94.00687,-93.37569,-94.34095,-96.41006,-92.92059,-96.55367
571,81.202392578125,-90.02579,-87.11771,-91.112206,-90.35127,-89.28622,-90.429985
572,78.76112365722656,-91.13211,-88.43001,-94.624916,-89.792,-95.07212,-92.16552
573,74.09324645996094,-94.207214,-94.17336,-95.56315,-93.54204,-98.09347,-93.67762
574,74.9452133178711,-92.13078,-92.280685,-92.68609,-90.49309,-95.19362,-93.29443
575,75.60381317138672,-53.71853,-55.62037,-52.311337,-55.71357,-51.670067,-56.094948
576,85.33074951171875,-71.39586,-71.10041,-71.128784,-71.42072,-71.155754,-68.827736
577,75.39387512207031,-58.269314,-59.959034,-59.333767,-61.03525,-59.612213,-53.72043
578,84.7707748413086,-68.93727,-72.74745,-70.7765,-73.13816,-68.97419,-69.8963
579,89.04619598388672,-77.76599,-78.90316,-79.0154,-81.99577,-76.723175,-78.04784
580,90.33858489990234,-91.92973,-91.78761,-95.5329,-94.61354,-92.82856,-96.920105
581,94.72373962402344,-92.4051,-93.58331,-95.59067,-95.1686,-92.78995,-97.11731
582,90.67996978759766,-91.41357,-92.01556,-93.46812,-92.85794,-90.96725,-94.38827
583,85.34626007080078,-98.040085,-98.29804,-100.35869,-100.104256,-98.47381,-100.352455
584,90.53669738769531,-102.32486,-101.60996,-104.01351,-104.97205,-101.603905,-103.34102
585,97.23479461669922,-93.56406,-93.2964,-97.76066,-95.86826,-93.71611,-93.81005
586,86.4131851196289,-110.912285,-110.16842,-109.57774,-114.50295,-110.416306,-113.09503
587,86.04605865478516,-137.58072,-137.36864,-139.69124,-135.06837,-140.23405,-139.01506
588,87.28662109375,-108.28677,-107.19156,-111.407616,-108.294426,-112.35164,-111.548546
589,88.68453216552734,-126.49803,-125.98283,-129.18535,-127.7051,-129.76894,-129.0598
590,91.0843276977539,-117.65033,-117.25133,-120.18438,-117.99187,-120.82805,-119.54252
591,88.73703002929688,-101.35373,-99.94611,-103.857704,-101.13714,-104.68732,-103.10654
592,81.19525146484375,-110.3263,-110.37031,-113.19355,-110.0473,-112.27636,-109.21886
593,79.67681121826172,-88.20177,-90.34592,-91.32529,-88.70073,-91.894905,-88.77607
594,87.26239776611328,-82.028984,-83.22537,-85.24775,-83.52252,-85.24273,-83.62235
595,84.00525665283203,-87.84275,-86.466965,-86.43199,-89.25577,-87.561905,-88.00696
596,90.88213348388672,-147.6123,-147.20683,-145.23985,-148.40446,-146.13277,-148.71297
597,94.40331268310547,-114.37417,-113.94901,-112.102554,-119.9803,-112.32677,-116.59468
598,94.18091583251953,-116.1992,-115.36507,-116.3942,-120.75624,-116.835045,-119.718704
599,92.3468017578125,-116.02849,-117.10103,-114.99343,-119.49039,-115.79583,-117.5213
600,95.95706939697266,-126.036995,-126.67317,-125.54376,-128.59354,-125.7941,-127.79684
601,99.8631820678711,-108.59688,-109.19756,-108.97328,-110.49972,-109.08556,-109.45706
602,90.76129913330078,-129.836,-132.13106,-131.15141,-131.46693,-128.62413,-127.303474
603,91.53974914550781,-117.66472,-118.261986,-117.23886,-119.24645,-117.16677,-118.93185
604,91.81118774414062,-103.65638,-103.90189,-101.32652,-107.35138,-100.9157,-108.309586
605,87.14815521240234,-103.216034,-104.0473,-102.61194,-105.83531,-102.34475,-107.155266
606,92.93712615966797,-118.189644,-119.82162,-120.25206,-120.67866,-119.13112,-118.284424
607,83.8436508178711,-128.6537,-128.44566,-130.78206,-130.21231,-129.3751,-125.01582
608,84.41748809814453,-115.50711,-113.506676,-118.01445,-116.543076,-115.710945,-115.61264
609,87.49726104736328,-101.82872,-100.45893,-103.46955,-101.09656,-104.621025,-103.50914
610,86.27268981933594,-99.94188,-99.47169,-100.68208,-100.70086,-101.00465,-103.15862
611,84.4784164428711,-112.097305,-111.003365,-112.23914,-114.2472,-110.760666,-117.941376
612,86.39854431152344,-107.61619,-105.350204,-110.651,-107.37538,-109.02126,-109.826256
613,86.51331329345703,-79.04685,-79.974174,-87.301,-77.25431,-87.8267,-82.56296
614,88.53404235839844,-48.00212,-48.111847,-59.931725,-44.590626,-64.44274,-52.480633
615,84.48290252685547,-65.13863,-61.12679,-69.253944,-62.99101,-67.34474,-73.02361
616,79.11652374267578,-60.404903,-56.57082,-63.31396,-60.27306,-60.148605,-69.84326
617,84.26724243164062,-67.484856,-67.00704,-69.57453,-68.75575,-70.07773,-73.3215
618,88.60700225830078,-92.42196,-93.26691,-96.36584,-90.59172,-94.043495,-95.05303
619,91.45394134521484,-109.106285,-111.2069,-116.550064,-105.74112,-111.60747,-109.873184
620,92.4080581665039,-122.87062,-122.78913,-127.585785,-121.7851,-125.274086,-127.77744
621,91.09880828857422,-125.87896,-129.72531,-126.34502,-127.64704,-126.81516,-136.28052
622,92.08867645263672,-127.32635,-131.54683,-128.37334,-129.84198,-127.05608,-135.461
623,92.16907501220703,-112.93749,-112.99544,-113.134415,-111.05584,-110.41608,-117.42964
624,89.5395278930664,-89.36701,-94.52459,-91.831345,-93.27153,-93.572586,-96.375084
625,84.45906829833984,-105.8916,-108.40482,-106.97172,-107.85507,-106.93421,-109.960464
626,86.7361068725586,-102.49341,-107.8805,-103.135666,-107.84228,-105.8614,-110.52192
627,86.07706451416016,-94.38378,-102.073044,-96.1128,-100.356255,-100.03918,-104.562584
628,84.91983795166016,-94.274155,-100.82411,-91.906334,-99.19033,-91.972015,-107.428215
629,74.75537872314453,-72.15962,-74.497765,-71.53415,-74.316925,-71.58075,-78.96469
630,88.18730163574219,-91.315094,-91.890564,-91.32768,-91.102806,-90.942924,-93.78988
631,85.00303649902344,-96.84907,-97.17884,-97.659325,-95.88566,-95.904274,-98.618256
632,88.55084228515625,-82.36408,-81.346985,-83.93719,-81.8046,-84.65856,-83.2293
633,86.43023681640625,-89.853745,-91.1773,-91.28452,-87.75858,-91.38801,-89.767
634,78.90734100341797,-82.22426,-78.09714,-81.81139,-83.57601,-85.746864,-81.054504
635,61.697696685791016,-50.165363,-40.909252,-49.39716,-54.061787,-49.79573,-49.01779
636,69.89476776123047,-53.321865,-52.70373,-53.131218,-53.936428,-57.24037,-54.185192
637,60.939781188964844,-49.65646,-49.306515,-48.960403,-47.98194,-52.712048,-49.590153
638,64.33280944824219,-53.140465,-50.324615,-52.436474,-52.45637,-56.112686,-51.978107
639,64.82179260253906,-51.59138,-50.543896,-51.031925,-50.49579,-54.379738,-51.43562
640,59.266448974609375,-44.370216,-45.220287,-43.32514,-42.39456,-45.533035,-44.776794
641,56.1069221496582,-42.450836,-43.310783,-41.53678,-40.442562,-43.668114,-42.800938
642,53.36266326904297,-39.367214,-40.68987,-39.130573,-37.084743,-40.60282,-40.281662
643,52.65080642700195,-38.147396,-39.55436,-37.897263,-35.724632,-39.303093,-39.054943
644,53.663455963134766,-39.524956,-40.73208,-39.480717,-37.12076,-41.04896,-40.42638
645,53.8557014465332,-39.848686,-41.037003,-39.825806,-37.48494,-41.489166,-40.824337
646,53.62425994873047,-39.522633,-40.7333,-39.45184,-37.121696,-41.11115,-40.488953
647,53.605995178222656,-39.5088,-40.703564,-39.452114,-37.086746,-41.116283,-40.4816
648,53.605995178222656,-39.5088,-40.703564,-39.452114,-37.086746,-41.116283,-40.4816
649,53.605995178222656,-39.5088,-40.703564,-39.452114,-37.086746,-41.116283,-40.4816
650,53.605995178222656,-39.5088,-40.703564,-39.452114,-37.086746,-41.116283,-40.4816
651,53.605995178222656,-39.5088,-40.703564,-39.452114,-37.086746,-41.116283,-40.4816
652,53.605995178222656,-39.5088,-40.703564,-39.452114,-37.086746,-41.116283,-40.4816
653,53.605995178222656,-39.5088,-40.703564,-39.452114,-37.086746,-41.116283,-40.4816
654,53.605995178222656,-39.5088,-40.703564,-39.452114,-37.086746,-41.116283,-40.4816
655,53.605995178222656,-39.5088,-40.703564,-39.452114,-37.086746,-41.116283,-40.4816
656,53.605995178222656,-39.5088,-40.703564,-39.452114,-37.086746,-41.116283,-40.4816
657,53.605995178222656,-39.5088,-40.703564,-39.452114,-37.086746,-41.116283,-40.4816
658,53.605995178222656,-39.5088,-40.703564,-39.452114,-37.086746,-41.116283,-40.4816
659,53.605995178222656,-39.5088,-40.703564,-39.452114,-37.086746,-41.116283,-40.4816
660,53.605995178222656,-39.5088,-40.703564,-39.452114,-37.086746,-41.116283,-40.4816
661,53.605995178222656,-39.5088,-40.703564,-39.452114,-37.086746,-41.116283,-40.4816
662,53.605995178222656,-39.5088,-40.703564,-39.452114,-37.086746,-41.116283,-40.4816
663,53.605995178222656,-39.5088,-40.703564,-39.452114,-37.086746,-41.116283,-40.4816
664,53.605995178222656,-39.5088,-40.703564,-39.452114,-37.086746,-41.116283,-40.4816
665,53.605995178222656,-39.5088,-40.703564,-39.452114,-37.086746,-41.116283,-40.4816
